scan_date,scan_time,symbol,price_at_scan,scanner_score,float_score,momentum_score,volume_score,catalyst_score,multiday_score,vigl_bonus,vigl_match,rvol,float_shares,change_pct,volume,catalyst_text,entered,entry_date,entry_price,entry_thesis,exit_date,exit_price,hold_days,return_pct,return_dollars,outcome,notes
2026-02-09,13:23:43,RIG,5.71,125,0,0,0,0,0,0,unknown,0,0,0,180948088.0,,Yes,2026-02-10,5.345,"Pullback from yesterday +5.9% move. Earnings beat, oil sector strength, 125pts score. Entry .31, stop .52 (-15%), target .91 (+30%)",,,,,,,
2026-02-09,13:23:43,MNTS,6.44,125,0,0,0,0,0,0,unknown,0,0,0,32429007.0,,No,,,,,,,,,,
2026-02-09,13:23:43,CCHH,1.35,115,0,0,0,0,0,0,unknown,0,0,0,170110238.0,,No,,,,,,,,,,
2026-02-09,13:23:43,RIVN,14.69,110,0,0,0,0,0,0,unknown,0,0,0,31713781.0,,No,,,,,,,,,,
2026-02-09,13:23:43,TNON,0.82,105,0,0,0,0,0,0,unknown,0,0,0,45131823.0,,No,,,,,,,,,,
2026-02-09,13:23:43,BRLS,1.53,95,0,0,0,0,0,0,unknown,0,0,0,77021192.0,,No,,,,,,,,,,
2026-02-09,13:23:43,CLF,12.31,85,0,0,0,0,0,0,unknown,0,0,0,58300756.0,,No,,,,,,,,,,
2026-02-09,13:23:43,MSTX,2.67,80,0,0,0,0,0,0,unknown,0,0,0,125308274.0,,No,,,,,,,,,,
2026-02-09,13:23:43,RITR,1.23,75,0,0,0,0,0,0,unknown,0,0,0,49542703.0,,No,,,,,,,,,,
2026-02-09,13:23:43,WULF,16.65,70,0,0,0,0,0,0,unknown,0,0,0,64717415.0,,No,,,,,,,,,,
2026-02-10,12:02:46,ABP,1.8581,130,0,0,0,0,0,0,unknown,0,0,0,70406808.0,,No,,,,,,,,,,
2026-02-10,12:02:46,CNET,0.864,125,0,0,0,0,0,0,unknown,0,0,0,20173066.0,,No,,,,,,,,,,
2026-02-10,12:02:46,MBOT,2.1184,105,0,0,0,0,0,0,unknown,0,0,0,19464725.0,,No,,,,,,,,,,
2026-02-10,12:02:46,GT,9.135,80,0,0,0,0,0,0,unknown,0,0,0,18538378.0,,No,,,,,,,,,,
2026-02-10,12:02:46,GTM,6.855,75,0,0,0,0,0,0,unknown,0,0,0,26186903.0,,No,,,,,,,,,,
2026-02-10,12:02:46,OSCR,13.435,70,0,0,0,0,0,0,unknown,0,0,0,20520184.0,,No,,,,,,,,,,
2026-02-01,12:00:00,PTNM,2.2,0,0,0,0,0,0,0,unknown,0,0,0,0,Unknown,Yes,2026-02-01,2.2,Big winner - manually tracked,2026-02-10,10.31,9,368.6,32.44,WIN,GOLD STANDARD +368.6% - retroactive for learning
2026-02-10,15:08:42,LYFT,16.85,135,0,0,0,0,0,15,perfect,1.980559774912593,0,0,33572205.0,,No,,,,,,,,,,
2026-02-10,15:08:42,RIVN,14.96,130,0,0,0,0,0,10,near,1.4032900640526387,0,0,37642189.0,,No,,,,,,,,,,
2026-02-10,15:08:42,VZLA,4.1,120,0,0,0,0,0,5,partial,2.6246409068943604,0,0,36962027.0,,No,,,,,,,,,,
2026-02-10,15:08:42,KHC,24.9,120,0,0,0,0,0,15,perfect,1.5773302632343764,0,0,22410155.0,,No,,,,,,,,,,
2026-02-10,15:08:42,CVS,75.7,120,0,0,0,0,0,10,near,1.4177111949852685,0,0,13101201.0,,No,,,,,,,,,,
2026-02-10,15:08:42,BTG,5.62,110,0,0,0,0,0,0,none,0.997732098691999,0,0,47523605.0,,No,,,,,,,,,,
2026-02-10,15:08:42,OSCR,12.88,110,0,0,0,0,0,5,partial,2.8940234396760016,0,0,26486895.0,,No,,,,,,,,,,
2026-02-10,15:08:42,THS,24.43,100,0,0,0,0,0,5,partial,24.960496622269947,0,0,28940011.0,,No,,,,,,,,,,
2026-02-10,15:08:42,COMP,12.76,100,0,0,0,0,0,15,perfect,1.5006653220892814,0,0,25430166.0,,No,,,,,,,,,,
2026-02-10,15:08:42,F,13.57,95,0,0,0,0,0,0,none,1.2178736668888848,0,0,80464261.0,,No,,,,,,,,,,
2026-02-10,15:08:42,IEMG,74.37,95,0,0,0,0,0,0,none,0.8235282126007917,0,0,17263060.0,,No,,,,,,,,,,
2026-02-10,15:08:42,CVE,21.22,95,0,0,0,0,0,10,near,1.3815753375310673,0,0,18703171.0,,No,,,,,,,,,,
2026-02-10,15:08:42,ASAN,8.22,95,0,0,0,0,0,10,near,2.1027852490969017,0,0,12490673.0,,No,,,,,,,,,,
2026-02-10,15:08:42,KVUE,18.32,85,0,0,0,0,0,10,near,1.3952785826747685,0,0,99748301.0,,No,,,,,,,,,,
2026-02-10,15:08:42,CIFR,17.1,85,0,0,0,0,0,0,none,1.060067228106482,0,0,40403370.0,,No,,,,,,,,,,
2026-02-10,15:08:42,TSLS,5.33,80,0,0,0,0,0,0,none,0.944097127537026,0,0,69583994.0,,No,,,,,,,,,,
2026-02-10,15:08:42,KO,76.81,65,0,0,0,0,0,0,none,1.2492867125158638,0,0,28831917.0,,No,,,,,,,,,,
2026-02-10,15:08:42,AGNC,11.22,65,0,0,0,0,0,0,none,1.1600937360991792,0,0,21865224.0,,No,,,,,,,,,,
2026-02-10,15:08:42,LYG,5.79,60,0,0,0,0,0,5,partial,2.53188564096496,0,0,34913129.0,,No,,,,,,,,,,
2026-02-10,16:46:45,ITUB,9.3,0,0,0,0,0,0,0,none,1.0,0,0,25945919.0,,No,,,,,,,,,,
2026-02-10,16:46:45,AEG,7.81,0,0,0,0,0,0,0,none,1.0,0,0,3475379.0,,No,,,,,,,,,,
2026-02-10,16:46:45,VLY,13.62,0,0,0,0,0,0,0,none,1.0,0,0,6442439.0,,No,,,,,,,,,,
2026-02-10,16:46:45,BIZD,13.8,0,0,0,0,0,0,0,none,1.0,0,0,3318863.0,,No,,,,,,,,,,
2026-02-10,16:46:45,KOLD,21.16,0,0,0,0,0,0,0,none,1.0,0,0,8277845.0,,No,,,,,,,,,,
2026-02-10,16:46:45,BLSH,32.05,0,0,0,0,0,0,0,none,1.0,0,0,4040551.0,,No,,,,,,,,,,
2026-02-10,16:46:45,BGS,5.06,0,0,0,0,0,0,0,none,1.0,0,0,2809708.0,,No,,,,,,,,,,
2026-02-10,16:46:45,ANNX,5.61,0,0,0,0,0,0,0,none,1.0,0,0,3347427.0,,No,,,,,,,,,,
2026-02-10,16:46:45,ING,30.91,0,0,0,0,0,0,0,none,1.0,0,0,3459711.0,,No,,,,,,,,,,
2026-02-10,16:46:45,SNAP,5.23,0,0,0,0,0,0,0,none,1.0,0,0,87857267.0,,No,,,,,,,,,,
2026-02-10,16:46:45,STKL,6.41,0,0,0,0,0,0,0,none,1.0,0,0,3743505.0,,No,,,,,,,,,,
2026-02-10,16:46:45,COUR,5.9,0,0,0,0,0,0,0,none,1.0,0,0,5013605.0,,No,,,,,,,,,,
2026-02-10,16:46:45,TZA,5.91,0,0,0,0,0,0,0,none,1.0,0,0,88190274.0,,No,,,,,,,,,,
2026-02-10,16:46:45,ORC,7.48,0,0,0,0,0,0,0,none,1.0,0,0,4713304.0,,No,,,,,,,,,,
2026-02-10,16:46:45,PD,7.82,0,0,0,0,0,0,0,none,1.0,0,0,3787768.0,,No,,,,,,,,,,
2026-02-10,16:46:45,CCC,5.52,0,0,0,0,0,0,0,none,1.0,0,0,14708390.0,,No,,,,,,,,,,
2026-02-10,16:46:45,LUMN,7.78,0,0,0,0,0,0,0,none,1.0,0,0,11203377.0,,No,,,,,,,,,,
2026-02-10,16:46:45,WEN,7.82,0,0,0,0,0,0,0,none,1.0,0,0,10025108.0,,No,,,,,,,,,,
2026-02-10,16:46:45,ASAN,8.22,0,0,0,0,0,0,0,none,1.0,0,0,12500472.0,,No,,,,,,,,,,
2026-02-10,16:46:45,SMCL,5.36,0,0,0,0,0,0,0,none,1.0,0,0,4384604.0,,No,,,,,,,,,,
2026-02-10,16:46:45,NUVB,5.71,0,0,0,0,0,0,0,none,1.0,0,0,5370792.0,,No,,,,,,,,,,
2026-02-10,16:46:45,CXM,5.89,0,0,0,0,0,0,0,none,1.0,0,0,3537208.0,,No,,,,,,,,,,
2026-02-10,16:46:45,SRLN,40.66,0,0,0,0,0,0,0,none,1.0,0,0,5602534.0,,No,,,,,,,,,,
2026-02-10,16:46:45,ABR,7.86,0,0,0,0,0,0,0,none,1.0,0,0,4317611.0,,No,,,,,,,,,,
2026-02-10,16:46:45,HTZ,5.2,0,0,0,0,0,0,0,none,1.0,0,0,3052501.0,,No,,,,,,,,,,
2026-02-10,16:46:45,AMPL,7.31,0,0,0,0,0,0,0,none,1.0,0,0,3238608.0,,No,,,,,,,,,,
2026-02-10,16:46:45,PAYO,6,0,0,0,0,0,0,0,none,1.0,0,0,3106422.0,,No,,,,,,,,,,
2026-02-10,16:46:45,GENI,6.26,0,0,0,0,0,0,0,none,1.0,0,0,7556823.0,,No,,,,,,,,,,
2026-02-10,16:46:45,TGB,8.2,0,0,0,0,0,0,0,none,1.0,0,0,3446692.0,,No,,,,,,,,,,
2026-02-10,16:46:45,LYG,5.79,0,0,0,0,0,0,0,none,1.0,0,0,34913872.0,,No,,,,,,,,,,
2026-02-10,16:46:45,NVD,6.74,0,0,0,0,0,0,0,none,1.0,0,0,39543873.0,,No,,,,,,,,,,
2026-02-10,16:46:45,NVAX,8.75,0,0,0,0,0,0,0,none,1.0,0,0,3683597.0,,No,,,,,,,,,,
2026-02-10,16:46:45,TSLS,5.33,0,0,0,0,0,0,0,none,1.0,0,0,69599523.0,,No,,,,,,,,,,
2026-02-10,16:46:45,SUZ,9.85,0,0,0,0,0,0,0,none,1.0,0,0,3880313.0,,No,,,,,,,,,,
2026-02-10,16:46:45,SPDN,9.36,0,0,0,0,0,0,0,none,1.0,0,0,24060480.0,,No,,,,,,,,,,
2026-02-10,16:46:45,UAMY,8.15,0,0,0,0,0,0,0,none,1.0,0,0,16392409.0,,No,,,,,,,,,,
2026-02-10,16:46:45,DRIP,6.69,0,0,0,0,0,0,0,none,1.0,0,0,4054778.0,,No,,,,,,,,,,
2026-02-10,16:46:45,NOK,7.08,0,0,0,0,0,0,0,none,1.0,0,0,24515739.0,,No,,,,,,,,,,
2026-02-10,16:46:45,SVIVU,10.08,0,0,0,0,0,0,0,none,1.0,0,0,7491148.0,,No,,,,,,,,,,
2026-02-10,16:46:45,MLCO,6.31,0,0,0,0,0,0,0,none,1.0,0,0,2688872.0,,No,,,,,,,,,,
2026-02-10,16:46:45,OGN,7.81,0,0,0,0,0,0,0,none,1.0,0,0,4174921.0,,No,,,,,,,,,,
2026-02-10,16:46:45,DCH,8.46,0,0,0,0,0,0,0,none,1.0,0,0,8620520.0,,No,,,,,,,,,,
2026-02-10,16:46:45,VG,10.14,0,0,0,0,0,0,0,none,1.0,0,0,7104716.0,,No,,,,,,,,,,
2026-02-10,16:46:45,AMDD,8.9,0,0,0,0,0,0,0,none,1.0,0,0,9997965.0,,No,,,,,,,,,,
2026-02-10,16:46:45,ADT,8.22,0,0,0,0,0,0,0,none,1.0,0,0,14327026.0,,No,,,,,,,,,,
2026-02-10,16:46:45,FRSH,8.73,0,0,0,0,0,0,0,none,1.0,0,0,13108124.0,,No,,,,,,,,,,
2026-02-10,16:46:45,RITM,10.67,0,0,0,0,0,0,0,none,1.0,0,0,8787875.0,,No,,,,,,,,,,
2026-02-10,16:46:45,TE,7.51,0,0,0,0,0,0,0,none,1.0,0,0,17604132.0,,No,,,,,,,,,,
2026-02-10,16:46:45,GGLS,6.67,0,0,0,0,0,0,0,none,1.0,0,0,13629853.0,,No,,,,,,,,,,
2026-02-10,16:46:45,EWZ,38.32,0,0,0,0,0,0,0,none,1.0,0,0,28954527.0,,No,,,,,,,,,,
2026-02-10,16:46:45,YMM,10,0,0,0,0,0,0,0,none,1.0,0,0,5037646.0,,No,,,,,,,,,,
2026-02-10,16:46:45,TLRY,7.83,0,0,0,0,0,0,0,none,1.0,0,0,3206679.0,,No,,,,,,,,,,
2026-02-10,16:46:45,DJT,11.25,0,0,0,0,0,0,0,none,1.0,0,0,3244277.0,,No,,,,,,,,,,
2026-02-10,16:46:45,PGX,11.38,0,0,0,0,0,0,0,none,1.0,0,0,3122272.0,,No,,,,,,,,,,
2026-02-10,16:46:45,FLO,11.81,0,0,0,0,0,0,0,none,1.0,0,0,4581795.0,,No,,,,,,,,,,
2026-02-10,16:46:45,NGD,11.32,0,0,0,0,0,0,0,none,1.0,0,0,16845882.0,,No,,,,,,,,,,
2026-02-10,16:46:45,NXE,11.71,0,0,0,0,0,0,0,none,1.0,0,0,8187505.0,,No,,,,,,,,,,
2026-02-10,16:46:45,FSM,11.09,0,0,0,0,0,0,0,none,1.0,0,0,5550411.0,,No,,,,,,,,,,
2026-02-10,16:46:45,AVTR,11.16,0,0,0,0,0,0,0,none,1.0,0,0,28623529.0,,No,,,,,,,,,,
2026-02-10,16:46:45,LBTYA,11.56,0,0,0,0,0,0,0,none,1.0,0,0,2879016.0,,No,,,,,,,,,,
2026-02-10,16:46:45,ERIC,11.23,0,0,0,0,0,0,0,none,1.0,0,0,5224022.0,,No,,,,,,,,,,
2026-02-10,16:46:45,SVM,10.88,0,0,0,0,0,0,0,none,1.0,0,0,5989642.0,,No,,,,,,,,,,
2026-02-10,16:46:45,AMZD,11.15,0,0,0,0,0,0,0,none,1.0,0,0,9003313.0,,No,,,,,,,,,,
2026-02-10,16:46:45,WU,10.11,0,0,0,0,0,0,0,none,1.0,0,0,6963662.0,,No,,,,,,,,,,
2026-02-10,16:46:45,UMC,9.91,0,0,0,0,0,0,0,none,1.0,0,0,7082281.0,,No,,,,,,,,,,
2026-02-10,16:46:45,INTR,9.29,0,0,0,0,0,0,0,none,1.0,0,0,4063560.0,,No,,,,,,,,,,
2026-02-10,16:46:45,CNH,12.39,0,0,0,0,0,0,0,none,1.0,0,0,12803617.0,,No,,,,,,,,,,
2026-02-10,16:46:45,UNG,12.13,0,0,0,0,0,0,0,none,1.0,0,0,9253038.0,,No,,,,,,,,,,
2026-02-10,16:46:45,MFG,9.94,0,0,0,0,0,0,0,none,1.0,0,0,6362132.0,,No,,,,,,,,,,
2026-02-10,16:46:45,ERAS,11.95,0,0,0,0,0,0,0,none,1.0,0,0,4147726.0,,No,,,,,,,,,,
2026-02-10,16:46:45,CLF,12.27,0,0,0,0,0,0,0,none,1.0,0,0,24797665.0,,No,,,,,,,,,,
2026-02-10,16:46:45,SHLS,10.26,0,0,0,0,0,0,0,none,1.0,0,0,3684496.0,,No,,,,,,,,,,
2026-02-10,16:46:45,EXK,12.14,0,0,0,0,0,0,0,none,1.0,0,0,8243870.0,,No,,,,,,,,,,
2026-02-10,16:46:45,WB,10.32,0,0,0,0,0,0,0,none,1.0,0,0,5748967.0,,No,,,,,,,,,,
2026-02-10,16:46:45,PAGS,11.31,0,0,0,0,0,0,0,none,1.0,0,0,3247778.0,,No,,,,,,,,,,
2026-02-10,16:46:45,AGNC,11.22,0,0,0,0,0,0,0,none,1.0,0,0,21877520.0,,No,,,,,,,,,,
2026-02-10,16:46:45,CLSK,10.03,0,0,0,0,0,0,0,none,1.0,0,0,28607677.0,,No,,,,,,,,,,
2026-02-10,16:46:45,CRGY,10.14,0,0,0,0,0,0,0,none,1.0,0,0,4800928.0,,No,,,,,,,,,,
2026-02-10,16:46:45,IGV,85.41,0,0,0,0,0,0,0,none,1.0,0,0,26396087.0,,No,,,,,,,,,,
2026-02-10,16:46:45,AAPD,13.01,0,0,0,0,0,0,0,none,1.0,0,0,5812602.0,,No,,,,,,,,,,
2026-02-10,16:46:45,PATH,12.95,0,0,0,0,0,0,0,none,1.0,0,0,23708103.0,,No,,,,,,,,,,
2026-02-10,16:46:45,SAN,12.73,0,0,0,0,0,0,0,none,1.0,0,0,12786671.0,,No,,,,,,,,,,
2026-02-10,16:46:45,PSKY,10.84,0,0,0,0,0,0,0,none,1.0,0,0,8680939.0,,No,,,,,,,,,,
2026-02-10,16:46:45,F,13.57,0,0,0,0,0,0,0,none,1.0,0,0,80733783.0,,No,,,,,,,,,,
2026-02-10,16:46:45,HLN,11.04,0,0,0,0,0,0,0,none,1.0,0,0,5940963.0,,No,,,,,,,,,,
2026-02-10,16:46:45,LCID,10.92,0,0,0,0,0,0,0,none,1.0,0,0,4733798.0,,No,,,,,,,,,,
2026-02-10,16:46:45,AI,11.48,0,0,0,0,0,0,0,none,1.0,0,0,6509788.0,,No,,,,,,,,,,
2026-02-10,16:46:45,COMP,12.76,0,0,0,0,0,0,0,none,1.0,0,0,25432672.0,,No,,,,,,,,,,
2026-02-10,16:46:45,TAL,12.27,0,0,0,0,0,0,0,none,1.0,0,0,3247804.0,,No,,,,,,,,,,
2026-02-10,16:46:45,FOLD,14.3,0,0,0,0,0,0,0,none,1.0,0,0,4437976.0,,No,,,,,,,,,,
2026-02-10,16:46:45,COLD,12.87,0,0,0,0,0,0,0,none,1.0,0,0,5510706.0,,No,,,,,,,,,,
2026-02-10,16:46:45,GPK,13.38,0,0,0,0,0,0,0,none,1.0,0,0,5026253.0,,No,,,,,,,,,,
2026-02-10,16:46:45,DX,13.83,0,0,0,0,0,0,0,none,1.0,0,0,5551774.0,,No,,,,,,,,,,
2026-02-10,16:46:45,PDBC,14.34,0,0,0,0,0,0,0,none,1.0,0,0,4895943.0,,No,,,,,,,,,,
2026-02-10,16:46:45,CX,12.94,0,0,0,0,0,0,0,none,1.0,0,0,7270390.0,,No,,,,,,,,,,
2026-02-10,16:46:45,IONX,11.78,0,0,0,0,0,0,0,none,1.0,0,0,2712702.0,,No,,,,,,,,,,
2026-02-10,16:46:45,OBDC,11.93,0,0,0,0,0,0,0,none,1.0,0,0,3856479.0,,No,,,,,,,,,,
2026-02-10,16:46:45,FLG,14.11,0,0,0,0,0,0,0,none,1.0,0,0,3805126.0,,No,,,,,,,,,,
2026-02-10,16:46:45,TU,14.31,0,0,0,0,0,0,0,none,1.0,0,0,5421321.0,,No,,,,,,,,,,
2026-02-10,16:46:45,PHR,12.41,0,0,0,0,0,0,0,none,1.0,0,0,4027688.0,,No,,,,,,,,,,
2026-02-10,16:46:45,NVDY,14.18,0,0,0,0,0,0,0,none,1.0,0,0,3248219.0,,No,,,,,,,,,,
2026-02-10,16:46:45,DBRG,15.39,0,0,0,0,0,0,0,none,1.0,0,0,2704306.0,,No,,,,,,,,,,
2026-02-10,16:46:45,PONY,14.73,0,0,0,0,0,0,0,none,1.0,0,0,3396248.0,,No,,,,,,,,,,
2026-02-10,16:46:45,RWM,15.19,0,0,0,0,0,0,0,none,1.0,0,0,22081214.0,,No,,,,,,,,,,
2026-02-10,16:46:45,VNET,12.07,0,0,0,0,0,0,0,none,1.0,0,0,6676678.0,,No,,,,,,,,,,
2026-02-10,16:46:45,ACHC,13.66,0,0,0,0,0,0,0,none,1.0,0,0,3369603.0,,No,,,,,,,,,,
2026-02-10,16:46:45,PBR,15.33,0,0,0,0,0,0,0,none,1.0,0,0,15926936.0,,No,,,,,,,,,,
2026-02-10,16:46:45,AAL,15.1,0,0,0,0,0,0,0,none,1.0,0,0,33680300.0,,No,,,,,,,,,,
2026-02-10,16:46:45,OSCR,12.88,0,0,0,0,0,0,0,none,1.0,0,0,26526635.0,,No,,,,,,,,,,
2026-02-10,16:46:45,RIOT,14.83,0,0,0,0,0,0,0,none,1.0,0,0,14742600.0,,No,,,,,,,,,,
2026-02-10,16:46:45,BKD,16.29,0,0,0,0,0,0,0,none,1.0,0,0,3219646.0,,No,,,,,,,,,,
2026-02-10,16:46:45,OI,16.39,0,0,0,0,0,0,0,none,1.0,0,0,2850557.0,,No,,,,,,,,,,
2026-02-10,16:46:45,EWJ,93.1,0,0,0,0,0,0,0,none,1.0,0,0,21597055.0,,No,,,,,,,,,,
2026-02-10,16:46:45,WULF,16.63,0,0,0,0,0,0,0,none,1.0,0,0,58588905.0,,No,,,,,,,,,,
2026-02-10,16:46:45,DHT,15.06,0,0,0,0,0,0,0,none,1.0,0,0,3472219.0,,No,,,,,,,,,,
2026-02-10,16:46:45,XRAY,13.93,0,0,0,0,0,0,0,none,1.0,0,0,4553357.0,,No,,,,,,,,,,
2026-02-10,16:46:45,VALE,16.74,0,0,0,0,0,0,0,none,1.0,0,0,23480508.0,,No,,,,,,,,,,
2026-02-10,16:46:45,VELO,13.44,0,0,0,0,0,0,0,none,1.0,0,0,5092050.0,,No,,,,,,,,,,
2026-02-10,16:46:45,HE,16.7,0,0,0,0,0,0,0,none,1.0,0,0,3181433.0,,No,,,,,,,,,,
2026-02-10,16:46:45,NU,17.57,0,0,0,0,0,0,0,none,1.0,0,0,49280392.0,,No,,,,,,,,,,
2026-02-10,16:46:45,QYLD,17.74,0,0,0,0,0,0,0,none,1.0,0,0,7929222.0,,No,,,,,,,,,,
2026-02-10,16:46:45,CALY,14.65,0,0,0,0,0,0,0,none,1.0,0,0,3517771.0,,No,,,,,,,,,,
2026-02-10,16:46:45,VOD,15.23,0,0,0,0,0,0,0,none,1.0,0,0,5152022.0,,No,,,,,,,,,,
2026-02-10,16:46:45,AES,16.25,0,0,0,0,0,0,0,none,1.0,0,0,8666054.0,,No,,,,,,,,,,
2026-02-10,16:46:45,DXC,14.59,0,0,0,0,0,0,0,none,1.0,0,0,3272103.0,,No,,,,,,,,,,
2026-02-10,16:46:45,XOVR,18.05,0,0,0,0,0,0,0,none,1.0,0,0,2748547.0,,No,,,,,,,,,,
2026-02-10,16:46:45,ARR,17.6,0,0,0,0,0,0,0,none,1.0,0,0,2776886.0,,No,,,,,,,,,,
2026-02-10,16:46:45,ET,18.11,0,0,0,0,0,0,0,none,1.0,0,0,10989848.0,,No,,,,,,,,,,
2026-02-10,16:46:45,DOC,17,0,0,0,0,0,0,0,none,1.0,0,0,8385583.0,,No,,,,,,,,,,
2026-02-10,16:46:45,RIVN,14.96,0,0,0,0,0,0,0,none,1.0,0,0,37686378.0,,No,,,,,,,,,,
2026-02-10,16:46:45,PRMB,18.85,0,0,0,0,0,0,0,none,1.0,0,0,3617471.0,,No,,,,,,,,,,
2026-02-10,16:46:45,SBSW,16.78,0,0,0,0,0,0,0,none,1.0,0,0,4355162.0,,No,,,,,,,,,,
2026-02-10,16:46:45,ZETA,17.17,0,0,0,0,0,0,0,none,1.0,0,0,5787610.0,,No,,,,,,,,,,
2026-02-10,16:46:45,WT,16.24,0,0,0,0,0,0,0,none,1.0,0,0,2677413.0,,No,,,,,,,,,,
2026-02-10,16:46:45,PDI,18.96,0,0,0,0,0,0,0,none,1.0,0,0,4694223.0,,No,,,,,,,,,,
2026-02-10,16:46:45,STNE,17.82,0,0,0,0,0,0,0,none,1.0,0,0,4452380.0,,No,,,,,,,,,,
2026-02-10,16:46:45,BOIL,18.47,0,0,0,0,0,0,0,none,1.0,0,0,9861190.0,,No,,,,,,,,,,
2026-02-10,16:46:45,VISN,19.41,0,0,0,0,0,0,0,none,1.0,0,0,2710693.0,,No,,,,,,,,,,
2026-02-10,16:46:45,LYFT,16.85,0,0,0,0,0,0,0,none,1.0,0,0,34952256.0,,No,,,,,,,,,,
2026-02-10,16:46:45,KVUE,18.32,0,0,0,0,0,0,0,none,1.0,0,0,99748719.0,,No,,,,,,,,,,
2026-02-10,16:46:45,NVDX,16.98,0,0,0,0,0,0,0,none,1.0,0,0,7995138.0,,No,,,,,,,,,,
2026-02-10,16:46:45,SBRA,19.15,0,0,0,0,0,0,0,none,1.0,0,0,2982689.0,,No,,,,,,,,,,
2026-02-10,16:46:45,HR,17.36,0,0,0,0,0,0,0,none,1.0,0,0,3178385.0,,No,,,,,,,,,,
2026-02-10,16:46:45,KSS,17.3,0,0,0,0,0,0,0,none,1.0,0,0,3923226.0,,No,,,,,,,,,,
2026-02-10,16:46:45,PR,16.86,0,0,0,0,0,0,0,none,1.0,0,0,20091460.0,,No,,,,,,,,,,
2026-02-10,16:46:45,STWD,18.19,0,0,0,0,0,0,0,none,1.0,0,0,2718954.0,,No,,,,,,,,,,
2026-02-10,16:46:45,INFY,16.61,0,0,0,0,0,0,0,none,1.0,0,0,9978050.0,,No,,,,,,,,,,
2026-02-10,16:46:45,BEKE,18.48,0,0,0,0,0,0,0,none,1.0,0,0,4891502.0,,No,,,,,,,,,,
2026-02-10,16:46:45,ICLN,18.85,0,0,0,0,0,0,0,none,1.0,0,0,7045995.0,,No,,,,,,,,,,
2026-02-10,16:46:45,CAG,19.33,0,0,0,0,0,0,0,none,1.0,0,0,11372505.0,,No,,,,,,,,,,
2026-02-10,16:46:45,BKLN,20.67,0,0,0,0,0,0,0,none,1.0,0,0,21176621.0,,No,,,,,,,,,,
2026-02-10,16:46:45,TECS,17.45,0,0,0,0,0,0,0,none,1.0,0,0,2714564.0,,No,,,,,,,,,,
2026-02-10,16:46:45,FNB,18.69,0,0,0,0,0,0,0,none,1.0,0,0,4787069.0,,No,,,,,,,,,,
2026-02-10,16:46:45,XPEV,17.82,0,0,0,0,0,0,0,none,1.0,0,0,5999387.0,,No,,,,,,,,,,
2026-02-10,16:46:45,BRZE,18.36,0,0,0,0,0,0,0,none,1.0,0,0,3562214.0,,No,,,,,,,,,,
2026-02-10,16:46:45,MUFG,19.39,0,0,0,0,0,0,0,none,1.0,0,0,3900508.0,,No,,,,,,,,,,
2026-02-10,16:46:45,CPRI,20.18,0,0,0,0,0,0,0,none,1.0,0,0,3161955.0,,No,,,,,,,,,,
2026-02-10,16:46:45,AM,19.9,0,0,0,0,0,0,0,none,1.0,0,0,5604397.0,,No,,,,,,,,,,
2026-02-10,16:46:45,CPNG,18.25,0,0,0,0,0,0,0,none,1.0,0,0,16767020.0,,No,,,,,,,,,,
2026-02-10,16:46:45,GLXY,21.19,0,0,0,0,0,0,0,none,1.0,0,0,5497590.0,,No,,,,,,,,,,
2026-02-10,16:46:45,CZR,20.75,0,0,0,0,0,0,0,none,1.0,0,0,7280375.0,,No,,,,,,,,,,
2026-02-10,16:46:45,AVDL,21.63,0,0,0,0,0,0,0,none,1.0,0,0,2782821.0,,No,,,,,,,,,,
2026-02-10,16:46:45,SM,21.13,0,0,0,0,0,0,0,none,1.0,0,0,4462282.0,,No,,,,,,,,,,
2026-02-10,16:46:45,PINS,20.33,0,0,0,0,0,0,0,none,1.0,0,0,14184121.0,,No,,,,,,,,,,
2026-02-10,16:46:45,MDU,20.32,0,0,0,0,0,0,0,none,1.0,0,0,2952322.0,,No,,,,,,,,,,
2026-02-10,16:46:45,QID,20.43,0,0,0,0,0,0,0,none,1.0,0,0,21411415.0,,No,,,,,,,,,,
2026-02-10,16:46:45,NLY,22.63,0,0,0,0,0,0,0,none,1.0,0,0,7643665.0,,No,,,,,,,,,,
2026-02-10,16:46:45,VFC,20.91,0,0,0,0,0,0,0,none,1.0,0,0,5639201.0,,No,,,,,,,,,,
2026-02-10,16:46:45,RYN,22.43,0,0,0,0,0,0,0,none,1.0,0,0,3173249.0,,No,,,,,,,,,,
2026-02-10,16:46:45,SOFI,21.18,0,0,0,0,0,0,0,none,1.0,0,0,55723536.0,,No,,,,,,,,,,
2026-02-10,16:46:45,DOG,22.58,0,0,0,0,0,0,0,none,1.0,0,0,4397545.0,,No,,,,,,,,,,
2026-02-10,16:46:45,CC,19.25,0,0,0,0,0,0,0,none,1.0,0,0,4151349.0,,No,,,,,,,,,,
2026-02-10,16:46:45,FNGU,19.95,0,0,0,0,0,0,0,none,1.0,0,0,3371013.0,,No,,,,,,,,,,
2026-02-10,16:46:45,RUN,20.66,0,0,0,0,0,0,0,none,1.0,0,0,6078936.0,,No,,,,,,,,,,
2026-02-10,16:46:45,CVE,21.22,0,0,0,0,0,0,0,none,1.0,0,0,18703626.0,,No,,,,,,,,,,
2026-02-10,16:46:45,HMY,21.28,0,0,0,0,0,0,0,none,1.0,0,0,3312978.0,,No,,,,,,,,,,
2026-02-10,16:46:45,KEY,22.94,0,0,0,0,0,0,0,none,1.0,0,0,11439069.0,,No,,,,,,,,,,
2026-02-10,16:46:45,SPLB,22.8,0,0,0,0,0,0,0,none,1.0,0,0,6050118.0,,No,,,,,,,,,,
2026-02-10,16:46:45,WAY,23.5,0,0,0,0,0,0,0,none,1.0,0,0,2686030.0,,No,,,,,,,,,,
2026-02-10,16:46:45,GOVT,23.13,0,0,0,0,0,0,0,none,1.0,0,0,5854571.0,,No,,,,,,,,,,
2026-02-10,16:46:45,SPHY,23.73,0,0,0,0,0,0,0,none,1.0,0,0,6684932.0,,No,,,,,,,,,,
2026-02-10,16:46:45,CWAN,23.81,0,0,0,0,0,0,0,none,1.0,0,0,5952095.0,,No,,,,,,,,,,
2026-02-10,16:46:45,BAX,21.94,0,0,0,0,0,0,0,none,1.0,0,0,8142739.0,,No,,,,,,,,,,
2026-02-10,16:46:45,QXO,23.21,0,0,0,0,0,0,0,none,1.0,0,0,8821585.0,,No,,,,,,,,,,
2026-02-10,16:46:45,AG,23.79,0,0,0,0,0,0,0,none,1.0,0,0,19599249.0,,No,,,,,,,,,,
2026-02-10,16:46:45,AEO,23.63,0,0,0,0,0,0,0,none,1.0,0,0,3406253.0,,No,,,,,,,,,,
2026-02-10,16:46:45,OS,23.56,0,0,0,0,0,0,0,none,1.0,0,0,3286738.0,,No,,,,,,,,,,
2026-02-10,16:46:45,EWH,23.67,0,0,0,0,0,0,0,none,1.0,0,0,2897542.0,,No,,,,,,,,,,
2026-02-10,16:46:45,HPE,23.97,0,0,0,0,0,0,0,none,1.0,0,0,12867903.0,,No,,,,,,,,,,
2026-02-10,16:46:45,CDE,22.84,0,0,0,0,0,0,0,none,1.0,0,0,15204390.0,,No,,,,,,,,,,
2026-02-10,16:46:45,THS,24.43,0,0,0,0,0,0,0,none,1.0,0,0,28964345.0,,No,,,,,,,,,,
2026-02-10,16:46:45,HPQ,19.81,0,0,0,0,0,0,0,none,1.0,0,0,16194829.0,,No,,,,,,,,,,
2026-02-10,16:46:45,IAG,21.58,0,0,0,0,0,0,0,none,1.0,0,0,7988688.0,,No,,,,,,,,,,
2026-02-10,16:46:45,HST,19.93,0,0,0,0,0,0,0,none,1.0,0,0,6115115.0,,No,,,,,,,,,,
2026-02-10,16:46:45,HRL,24.3,0,0,0,0,0,0,0,none,1.0,0,0,4047256.0,,No,,,,,,,,,,
2026-02-10,16:46:45,DBX,24.98,0,0,0,0,0,0,0,none,1.0,0,0,2951326.0,,No,,,,,,,,,,
2026-02-10,16:46:45,SCHH,22.35,0,0,0,0,0,0,0,none,1.0,0,0,8449992.0,,No,,,,,,,,,,
2026-02-10,16:46:45,GRNY,25.14,0,0,0,0,0,0,0,none,1.0,0,0,3033815.0,,No,,,,,,,,,,
2026-02-10,16:46:45,SIRI,21.34,0,0,0,0,0,0,0,none,1.0,0,0,5082537.0,,No,,,,,,,,,,
2026-02-10,16:46:45,ASX,22.49,0,0,0,0,0,0,0,none,1.0,0,0,8707864.0,,No,,,,,,,,,,
2026-02-10,16:46:45,GME,24.82,0,0,0,0,0,0,0,none,1.0,0,0,5785503.0,,No,,,,,,,,,,
2026-02-10,16:46:45,EMLC,26.46,0,0,0,0,0,0,0,none,1.0,0,0,3429564.0,,No,,,,,,,,,,
2026-02-10,16:46:45,ONB,25.53,0,0,0,0,0,0,0,none,1.0,0,0,2992546.0,,No,,,,,,,,,,
2026-02-10,16:46:45,CUZ,25.15,0,0,0,0,0,0,0,none,1.0,0,0,3001376.0,,No,,,,,,,,,,
2026-02-10,16:46:45,SCHF,26.42,0,0,0,0,0,0,0,none,1.0,0,0,13178763.0,,No,,,,,,,,,,
2026-02-10,16:46:45,PYLD,26.85,0,0,0,0,0,0,0,none,1.0,0,0,4409222.0,,No,,,,,,,,,,
2026-02-10,16:46:45,SCHP,26.76,0,0,0,0,0,0,0,none,1.0,0,0,3413233.0,,No,,,,,,,,,,
2026-02-10,16:46:45,SCHB,26.73,0,0,0,0,0,0,0,none,1.0,0,0,11127204.0,,No,,,,,,,,,,
2026-02-10,16:46:45,GAP,27.68,0,0,0,0,0,0,0,none,1.0,0,0,4216224.0,,No,,,,,,,,,,
2026-02-10,16:46:45,APA,27.45,0,0,0,0,0,0,0,none,1.0,0,0,3762176.0,,No,,,,,,,,,,
2026-02-10,16:46:45,KIM,22.19,0,0,0,0,0,0,0,none,1.0,0,0,4553833.0,,No,,,,,,,,,,
2026-02-10,16:46:45,BCE,25.83,0,0,0,0,0,0,0,none,1.0,0,0,3924176.0,,No,,,,,,,,,,
2026-02-10,16:46:45,SCHX,27.3,0,0,0,0,0,0,0,none,1.0,0,0,17563979.0,,No,,,,,,,,,,
2026-02-10,16:46:45,DKNG,27.12,0,0,0,0,0,0,0,none,1.0,0,0,18723348.0,,No,,,,,,,,,,
2026-02-10,16:46:45,KHC,24.9,0,0,0,0,0,0,0,none,1.0,0,0,22415870.0,,No,,,,,,,,,,
2026-02-10,16:46:45,SDOW,28.11,0,0,0,0,0,0,0,none,1.0,0,0,8663624.0,,No,,,,,,,,,,
2026-02-10,16:46:45,CHWY,27.2,0,0,0,0,0,0,0,none,1.0,0,0,7676562.0,,No,,,,,,,,,,
2026-02-10,16:46:45,MSFU,29.34,0,0,0,0,0,0,0,none,1.0,0,0,3686182.0,,No,,,,,,,,,,
2026-02-10,16:46:45,GTES,26.76,0,0,0,0,0,0,0,none,1.0,0,0,2633464.0,,No,,,,,,,,,,
2026-02-10,16:46:45,FNDX,29.06,0,0,0,0,0,0,0,none,1.0,0,0,7069537.0,,No,,,,,,,,,,
2026-02-10,16:46:45,EQNR,27.86,0,0,0,0,0,0,0,none,1.0,0,0,5429575.0,,No,,,,,,,,,,
2026-02-10,16:46:45,SPTL,26.82,0,0,0,0,0,0,0,none,1.0,0,0,5747643.0,,No,,,,,,,,,,
2026-02-10,16:46:45,DOCS,27.24,0,0,0,0,0,0,0,none,1.0,0,0,4399799.0,,No,,,,,,,,,,
2026-02-10,16:46:45,WY,26.94,0,0,0,0,0,0,0,none,1.0,0,0,6147934.0,,No,,,,,,,,,,
2026-02-10,16:46:45,CFLT,30.59,0,0,0,0,0,0,0,none,1.0,0,0,11672680.0,,No,,,,,,,,,,
2026-02-10,16:46:45,FHN,25.64,0,0,0,0,0,0,0,none,1.0,0,0,8372469.0,,No,,,,,,,,,,
2026-02-10,16:46:45,EWA,28.64,0,0,0,0,0,0,0,none,1.0,0,0,7568891.0,,No,,,,,,,,,,
2026-02-10,16:46:45,VIAV,27.33,0,0,0,0,0,0,0,none,1.0,0,0,3123003.0,,No,,,,,,,,,,
2026-02-10,16:46:45,KDP,28.71,0,0,0,0,0,0,0,none,1.0,0,0,13806412.0,,No,,,,,,,,,,
2026-02-10,16:46:45,CTRA,30.56,0,0,0,0,0,0,0,none,1.0,0,0,4192429.0,,No,,,,,,,,,,
2026-02-10,16:46:45,T,27.41,0,0,0,0,0,0,0,none,1.0,0,0,34923900.0,,No,,,,,,,,,,
2026-02-10,16:46:45,KMI,31.01,0,0,0,0,0,0,0,none,1.0,0,0,12321795.0,,No,,,,,,,,,,
2026-02-10,16:46:45,VSNT,28.87,0,0,0,0,0,0,0,none,1.0,0,0,3233795.0,,No,,,,,,,,,,
2026-02-10,16:46:45,ROIV,27.35,0,0,0,0,0,0,0,none,1.0,0,0,11288808.0,,No,,,,,,,,,,
2026-02-10,16:46:45,RF,30.82,0,0,0,0,0,0,0,none,1.0,0,0,10145525.0,,No,,,,,,,,,,
2026-02-10,16:46:45,VICI,29.25,0,0,0,0,0,0,0,none,1.0,0,0,13573524.0,,No,,,,,,,,,,
2026-02-10,16:46:45,RELX,29.29,0,0,0,0,0,0,0,none,1.0,0,0,3942309.0,,No,,,,,,,,,,
2026-02-10,16:46:45,SCHA,30.91,0,0,0,0,0,0,0,none,1.0,0,0,3249960.0,,No,,,,,,,,,,
2026-02-10,16:46:45,SCHD,31.3,0,0,0,0,0,0,0,none,1.0,0,0,20967989.0,,No,,,,,,,,,,
2026-02-10,16:46:45,CPB,29.15,0,0,0,0,0,0,0,none,1.0,0,0,4645301.0,,No,,,,,,,,,,
2026-02-10,16:46:45,SCHV,32.07,0,0,0,0,0,0,0,none,1.0,0,0,5336804.0,,No,,,,,,,,,,
2026-02-10,16:46:45,PSQ,30.47,0,0,0,0,0,0,0,none,1.0,0,0,8212894.0,,No,,,,,,,,,,
2026-02-10,16:46:45,SCHG,31.28,0,0,0,0,0,0,0,none,1.0,0,0,16229801.0,,No,,,,,,,,,,
2026-02-10,16:46:45,JD,28.35,0,0,0,0,0,0,0,none,1.0,0,0,7778493.0,,No,,,,,,,,,,
2026-02-10,16:46:45,RHI,29.4,0,0,0,0,0,0,0,none,1.0,0,0,3850590.0,,No,,,,,,,,,,
2026-02-10,16:46:45,IVZ,27.29,0,0,0,0,0,0,0,none,1.0,0,0,6836683.0,,No,,,,,,,,,,
2026-02-10,16:46:45,MTCH,32.49,0,0,0,0,0,0,0,none,1.0,0,0,3589850.0,,No,,,,,,,,,,
2026-02-10,16:46:45,SPIB,33.91,0,0,0,0,0,0,0,none,1.0,0,0,4873672.0,,No,,,,,,,,,,
2026-02-10,16:46:45,HRB,32.63,0,0,0,0,0,0,0,none,1.0,0,0,2750058.0,,No,,,,,,,,,,
2026-02-10,16:46:45,KWEB,34.31,0,0,0,0,0,0,0,none,1.0,0,0,15288135.0,,No,,,,,,,,,,
2026-02-10,16:46:45,ASHR,34.03,0,0,0,0,0,0,0,none,1.0,0,0,6891343.0,,No,,,,,,,,,,
2026-02-10,16:46:45,AMZU,27.42,0,0,0,0,0,0,0,none,1.0,0,0,4808226.0,,No,,,,,,,,,,
2026-02-10,16:46:45,CRBG,31.45,0,0,0,0,0,0,0,none,1.0,0,0,5237616.0,,No,,,,,,,,,,
2026-02-10,16:46:45,EPD,35.19,0,0,0,0,0,0,0,none,1.0,0,0,3716908.0,,No,,,,,,,,,,
2026-02-10,16:46:45,TEVA,34.37,0,0,0,0,0,0,0,none,1.0,0,0,6141426.0,,No,,,,,,,,,,
2026-02-10,16:46:45,HDB,33.99,0,0,0,0,0,0,0,none,1.0,0,0,6454391.0,,No,,,,,,,,,,
2026-02-10,16:46:45,SMCI,33.33,0,0,0,0,0,0,0,none,1.0,0,0,24757787.0,,No,,,,,,,,,,
2026-02-10,16:46:45,BEN,28.16,0,0,0,0,0,0,0,none,1.0,0,0,5821680.0,,No,,,,,,,,,,
2026-02-10,16:46:45,SH,35.71,0,0,0,0,0,0,0,none,1.0,0,0,6219432.0,,No,,,,,,,,,,
2026-02-10,16:46:45,USHY,37.49,0,0,0,0,0,0,0,none,1.0,0,0,6697973.0,,No,,,,,,,,,,
2026-02-10,16:46:45,ST,36.3,0,0,0,0,0,0,0,none,1.0,0,0,4542401.0,,No,,,,,,,,,,
2026-02-10,16:46:45,SCHE,35.37,0,0,0,0,0,0,0,none,1.0,0,0,2927285.0,,No,,,,,,,,,,
2026-02-10,16:46:45,AXTA,34.42,0,0,0,0,0,0,0,none,1.0,0,0,5328335.0,,No,,,,,,,,,,
2026-02-10,16:46:45,IBN,31.15,0,0,0,0,0,0,0,none,1.0,0,0,5024246.0,,No,,,,,,,,,,
2026-02-10,16:46:45,SPXS,34.17,0,0,0,0,0,0,0,none,1.0,0,0,6232308.0,,No,,,,,,,,,,
2026-02-10,16:46:45,CNQ,39.09,0,0,0,0,0,0,0,none,1.0,0,0,7103185.0,,No,,,,,,,,,,
2026-02-10,16:46:45,UPST,38.96,0,0,0,0,0,0,0,none,1.0,0,0,10282613.0,,No,,,,,,,,,,
2026-02-10,16:46:45,CPRT,40.35,0,0,0,0,0,0,0,none,1.0,0,0,5309312.0,,No,,,,,,,,,,
2026-02-10,16:46:45,IONQ,35.19,0,0,0,0,0,0,0,none,1.0,0,0,13794065.0,,No,,,,,,,,,,
2026-02-10,16:46:45,SILJ,34.38,0,0,0,0,0,0,0,none,1.0,0,0,8591570.0,,No,,,,,,,,,,
2026-02-10,16:46:45,FXI,39.53,0,0,0,0,0,0,0,none,1.0,0,0,24913195.0,,No,,,,,,,,,,
2026-02-10,16:46:45,ILF,36.47,0,0,0,0,0,0,0,none,1.0,0,0,3711579.0,,No,,,,,,,,,,
2026-02-10,16:46:45,MRNA,41.99,0,0,0,0,0,0,0,none,1.0,0,0,9927075.0,,No,,,,,,,,,,
2026-02-10,16:46:45,SEE,41.89,0,0,0,0,0,0,0,none,1.0,0,0,3087062.0,,No,,,,,,,,,,
2026-02-10,16:46:45,DVN,43.48,0,0,0,0,0,0,0,none,1.0,0,0,5962106.0,,No,,,,,,,,,,
2026-02-10,16:46:45,NE,41.93,0,0,0,0,0,0,0,none,1.0,0,0,3201636.0,,No,,,,,,,,,,
2026-02-10,16:46:45,KGC,34.31,0,0,0,0,0,0,0,none,1.0,0,0,7012198.0,,No,,,,,,,,,,
2026-02-10,16:46:45,REXR,38.23,0,0,0,0,0,0,0,none,1.0,0,0,4172071.0,,No,,,,,,,,,,
2026-02-10,16:46:45,CGGR,43.51,0,0,0,0,0,0,0,none,1.0,0,0,2871767.0,,No,,,,,,,,,,
2026-02-10,16:46:45,CSX,40.9,0,0,0,0,0,0,0,none,1.0,0,0,13865149.0,,No,,,,,,,,,,
2026-02-10,16:46:45,AR,33.8,0,0,0,0,0,0,0,none,1.0,0,0,3571535.0,,No,,,,,,,,,,
2026-02-10,16:46:45,CGDV,45.56,0,0,0,0,0,0,0,none,1.0,0,0,4505643.0,,No,,,,,,,,,,
2026-02-10,16:46:45,DOCU,47.62,0,0,0,0,0,0,0,none,1.0,0,0,4173697.0,,No,,,,,,,,,,
2026-02-10,16:46:45,MOS,30.12,0,0,0,0,0,0,0,none,1.0,0,0,5484169.0,,No,,,,,,,,,,
2026-02-10,16:46:45,ORCLpD,49.5,0,0,0,0,0,0,0,none,1.0,0,0,4767616.0,,No,,,,,,,,,,
2026-02-10,16:46:45,CUK,33.04,0,0,0,0,0,0,0,none,1.0,0,0,3405123.0,,No,,,,,,,,,,
2026-02-10,16:46:45,PULS,49.68,0,0,0,0,0,0,0,none,1.0,0,0,2729374.0,,No,,,,,,,,,,
2026-02-10,16:46:45,USFR,50.39,0,0,0,0,0,0,0,none,1.0,0,0,5503782.0,,No,,,,,,,,,,
2026-02-10,16:46:45,JPST,50.68,0,0,0,0,0,0,0,none,1.0,0,0,7403660.0,,No,,,,,,,,,,
2026-02-10,16:46:45,IQLT,48.66,0,0,0,0,0,0,0,none,1.0,0,0,2804320.0,,No,,,,,,,,,,
2026-02-10,16:46:45,PPL,36.07,0,0,0,0,0,0,0,none,1.0,0,0,12552150.0,,No,,,,,,,,,,
2026-02-10,16:46:45,JAAA,50.7,0,0,0,0,0,0,0,none,1.0,0,0,5743504.0,,No,,,,,,,,,,
2026-02-10,16:46:45,RPRX,44.21,0,0,0,0,0,0,0,none,1.0,0,0,3148531.0,,No,,,,,,,,,,
2026-02-10,16:46:45,FIS,50.55,0,0,0,0,0,0,0,none,1.0,0,0,7223827.0,,No,,,,,,,,,,
2026-02-10,16:46:45,SPSM,51.48,0,0,0,0,0,0,0,none,1.0,0,0,2960363.0,,No,,,,,,,,,,
2026-02-10,16:46:45,ENPH,50.25,0,0,0,0,0,0,0,none,1.0,0,0,8130347.0,,No,,,,,,,,,,
2026-02-10,16:46:45,CUBE,38.49,0,0,0,0,0,0,0,none,1.0,0,0,4190324.0,,No,,,,,,,,,,
2026-02-10,16:46:45,IUSB,46.79,0,0,0,0,0,0,0,none,1.0,0,0,3251428.0,,No,,,,,,,,,,
2026-02-10,16:46:45,DB,37.61,0,0,0,0,0,0,0,none,1.0,0,0,2972923.0,,No,,,,,,,,,,
2026-02-10,16:46:45,VTEB,50.74,0,0,0,0,0,0,0,none,1.0,0,0,10504605.0,,No,,,,,,,,,,
2026-02-10,16:46:45,FAST,46.66,0,0,0,0,0,0,0,none,1.0,0,0,5839160.0,,No,,,,,,,,,,
2026-02-10,16:46:45,FBND,46.32,0,0,0,0,0,0,0,none,1.0,0,0,2749582.0,,No,,,,,,,,,,
2026-02-10,16:46:45,BNDX,48.68,0,0,0,0,0,0,0,none,1.0,0,0,8223224.0,,No,,,,,,,,,,
2026-02-10,16:46:45,AMCR,48.53,0,0,0,0,0,0,0,none,1.0,0,0,4204500.0,,No,,,,,,,,,,
2026-02-10,16:46:45,XLE,53.58,0,0,0,0,0,0,0,none,1.0,0,0,32121843.0,,No,,,,,,,,,,
2026-02-10,16:46:45,SPYV,59.33,0,0,0,0,0,0,0,none,1.0,0,0,3865441.0,,No,,,,,,,,,,
2026-02-10,16:46:45,RAPT,57.74,0,0,0,0,0,0,0,none,1.0,0,0,9888175.0,,No,,,,,,,,,,
2026-02-10,16:46:45,SU,54.61,0,0,0,0,0,0,0,none,1.0,0,0,4754144.0,,No,,,,,,,,,,
2026-02-10,16:46:45,MO,64.4,0,0,0,0,0,0,0,none,1.0,0,0,10775541.0,,No,,,,,,,,,,
2026-02-10,16:46:45,SPDW,48.7,0,0,0,0,0,0,0,none,1.0,0,0,3868615.0,,No,,,,,,,,,,
2026-02-10,16:46:45,CSGP,50.85,0,0,0,0,0,0,0,none,1.0,0,0,5955685.0,,No,,,,,,,,,,
2026-02-10,16:46:45,VGSH,58.81,0,0,0,0,0,0,0,none,1.0,0,0,2806328.0,,No,,,,,,,,,,
2026-02-10,16:46:45,RNA,72.89,0,0,0,0,0,0,0,none,1.0,0,0,3116643.0,,No,,,,,,,,,,
2026-02-10,16:46:45,NTNX,41.88,0,0,0,0,0,0,0,none,1.0,0,0,4759778.0,,No,,,,,,,,,,
2026-02-10,16:46:45,BIL,91.45,0,0,0,0,0,0,0,none,1.0,0,0,7026138.0,,No,,,,,,,,,,
2026-02-10,16:46:45,USO,78.03,0,0,0,0,0,0,0,none,1.0,0,0,6469743.0,,No,,,,,,,,,,
2026-02-10,16:46:45,IJH,71.76,0,0,0,0,0,0,0,none,1.0,0,0,12924924.0,,No,,,,,,,,,,
2026-02-10,16:46:45,CTSH,74.57,0,0,0,0,0,0,0,none,1.0,0,0,7021578.0,,No,,,,,,,,,,
2026-02-10,16:46:45,BILL,50.61,0,0,0,0,0,0,0,none,1.0,0,0,2793294.0,,No,,,,,,,,,,
2026-02-10,16:46:45,JNK,97.49,0,0,0,0,0,0,0,none,1.0,0,0,3191485.0,,No,,,,,,,,,,
2026-02-10,16:46:45,EFV,78.67,0,0,0,0,0,0,0,none,1.0,0,0,3164726.0,,No,,,,,,,,,,
2026-02-10,16:46:45,MDLZ,60.65,0,0,0,0,0,0,0,none,1.0,0,0,12195220.0,,No,,,,,,,,,,
2026-02-10,16:46:45,SYF,73.9,0,0,0,0,0,0,0,none,1.0,0,0,6184931.0,,No,,,,,,,,,,
2026-02-10,16:46:45,SHY,82.93,0,0,0,0,0,0,0,none,1.0,0,0,4736221.0,,No,,,,,,,,,,
2026-02-10,16:46:45,GFI,55.84,0,0,0,0,0,0,0,none,1.0,0,0,2639728.0,,No,,,,,,,,,,
2026-02-10,16:46:45,VCSH,79.94,0,0,0,0,0,0,0,none,1.0,0,0,4809116.0,,No,,,,,,,,,,
2026-02-10,16:46:45,EEM,60.6,0,0,0,0,0,0,0,none,1.0,0,0,32187229.0,,No,,,,,,,,,,
2026-02-10,16:46:45,BMY,60.86,0,0,0,0,0,0,0,none,1.0,0,0,12080598.0,,No,,,,,,,,,,
2026-02-10,16:46:45,CVS,75.7,0,0,0,0,0,0,0,none,1.0,0,0,13119005.0,,No,,,,,,,,,,
2026-02-10,16:46:45,HYG,80.84,0,0,0,0,0,0,0,none,1.0,0,0,37885945.0,,No,,,,,,,,,,
2026-02-10,16:46:45,COO,81.57,0,0,0,0,0,0,0,none,1.0,0,0,3453395.0,,No,,,,,,,,,,
2026-02-10,16:46:45,SHEL,77.9,0,0,0,0,0,0,0,none,1.0,0,0,3925310.0,,No,,,,,,,,,,
2026-02-10,16:46:45,AIG,75,0,0,0,0,0,0,0,none,1.0,0,0,3894628.0,,No,,,,,,,,,,
2026-02-10,16:46:45,CCL,33.35,0,0,0,0,0,0,0,none,1.0,0,0,21407769.0,,No,,,,,,,,,,
2026-02-10,16:46:45,EBAY,87.48,0,0,0,0,0,0,0,none,1.0,0,0,3596996.0,,No,,,,,,,,,,
2026-02-10,16:46:45,VLTO,92.81,0,0,0,0,0,0,0,none,1.0,0,0,2969441.0,,No,,,,,,,,,,
2026-02-10,16:46:45,PYPL,41.49,0,0,0,0,0,0,0,none,1.0,0,0,22758124.0,,No,,,,,,,,,,
2026-02-10,16:46:45,VCIT,84.03,0,0,0,0,0,0,0,none,1.0,0,0,10395895.0,,No,,,,,,,,,,
2026-02-10,16:46:45,NI,44.73,0,0,0,0,0,0,0,none,1.0,0,0,6150935.0,,No,,,,,,,,,,
2026-02-10,16:46:45,PHYS,38.11,0,0,0,0,0,0,0,none,1.0,0,0,5207623.0,,No,,,,,,,,,,
2026-02-10,16:46:45,BSX,74.25,0,0,0,0,0,0,0,none,1.0,0,0,21080371.0,,No,,,,,,,,,,
2026-02-10,16:46:45,IEMG,74.37,0,0,0,0,0,0,0,none,1.0,0,0,17263294.0,,No,,,,,,,,,,
2026-02-10,16:46:45,FITB,54.5,0,0,0,0,0,0,0,none,1.0,0,0,10513272.0,,No,,,,,,,,,,
2026-02-10,16:46:45,JEPI,59.21,0,0,0,0,0,0,0,none,1.0,0,0,4955520.0,,No,,,,,,,,,,
2026-02-10,16:46:45,GEHC,79.22,0,0,0,0,0,0,0,none,1.0,0,0,3866828.0,,No,,,,,,,,,,
2026-02-10,16:46:45,LVS,57.02,0,0,0,0,0,0,0,none,1.0,0,0,3809540.0,,No,,,,,,,,,,
2026-02-10,16:46:45,CART,34.62,0,0,0,0,0,0,0,none,1.0,0,0,3655396.0,,No,,,,,,,,,,
2026-02-10,16:46:45,SLB,50.32,0,0,0,0,0,0,0,none,1.0,0,0,14101884.0,,No,,,,,,,,,,
2026-02-10,16:46:45,CFG,67.55,0,0,0,0,0,0,0,none,1.0,0,0,5497077.0,,No,,,,,,,,,,
2026-02-10,16:46:45,QQQI,53.24,0,0,0,0,0,0,0,none,1.0,0,0,3894318.0,,No,,,,,,,,,,
2026-02-10,16:46:45,DYNF,61.78,0,0,0,0,0,0,0,none,1.0,0,0,3300502.0,,No,,,,,,,,,,
2026-02-10,16:46:45,VEA,68.54,0,0,0,0,0,0,0,none,1.0,0,0,16391015.0,,No,,,,,,,,,,
2026-02-10,16:46:45,NVO,49.12,0,0,0,0,0,0,0,none,1.0,0,0,15830839.0,,No,,,,,,,,,,
2026-02-10,16:46:45,GSK,58.82,0,0,0,0,0,0,0,none,1.0,0,0,9503868.0,,No,,,,,,,,,,
2026-02-10,16:46:45,ARKK,72.26,0,0,0,0,0,0,0,none,1.0,0,0,7045413.0,,No,,,,,,,,,,
2026-02-10,16:46:45,ALLY,42.39,0,0,0,0,0,0,0,none,1.0,0,0,3117800.0,,No,,,,,,,,,,
2026-02-10,16:46:45,VXUS,82.35,0,0,0,0,0,0,0,none,1.0,0,0,9085633.0,,No,,,,,,,,,,
2026-02-10,16:46:45,CL,93.93,0,0,0,0,0,0,0,none,1.0,0,0,5457312.0,,No,,,,,,,,,,
2026-02-10,16:46:45,JEPQ,58.28,0,0,0,0,0,0,0,none,1.0,0,0,4312066.0,,No,,,,,,,,,,
2026-02-10,16:46:45,EMB,96.97,0,0,0,0,0,0,0,none,1.0,0,0,5804743.0,,No,,,,,,,,,,
2026-02-10,16:46:45,WBS,73.01,0,0,0,0,0,0,0,none,1.0,0,0,4500314.0,,No,,,,,,,,,,
2026-02-10,16:46:45,USB,60.55,0,0,0,0,0,0,0,none,1.0,0,0,8500844.0,,No,,,,,,,,,,
2026-02-10,16:46:45,SPYM,81.43,0,0,0,0,0,0,0,none,1.0,0,0,7688846.0,,No,,,,,,,,,,
2026-02-10,16:46:45,BND,74.47,0,0,0,0,0,0,0,none,1.0,0,0,8288313.0,,No,,,,,,,,,,
2026-02-10,16:46:45,VGK,89.22,0,0,0,0,0,0,0,none,1.0,0,0,4694493.0,,No,,,,,,,,,,
2026-02-10,16:46:45,VEU,80.38,0,0,0,0,0,0,0,none,1.0,0,0,4472764.0,,No,,,,,,,,,,
2026-02-10,16:46:45,FTI,60.2,0,0,0,0,0,0,0,none,1.0,0,0,2893367.0,,No,,,,,,,,,,
2026-02-10,16:46:45,XLP,87.15,0,0,0,0,0,0,0,none,1.0,0,0,20907135.0,,No,,,,,,,,,,
2026-02-10,16:46:45,EW,77.05,0,0,0,0,0,0,0,none,1.0,0,0,6561623.0,,No,,,,,,,,,,
2026-02-10,16:46:45,B,46.95,0,0,0,0,0,0,0,none,1.0,0,0,16760344.0,,No,,,,,,,,,,
2026-02-10,16:46:45,TSCO,54.05,0,0,0,0,0,0,0,none,1.0,0,0,4192662.0,,No,,,,,,,,,,
2026-02-10,16:46:45,UDOW,64.9,0,0,0,0,0,0,0,none,1.0,0,0,3557248.0,,No,,,,,,,,,,
2026-02-10,16:46:45,VWO,58.01,0,0,0,0,0,0,0,none,1.0,0,0,9922785.0,,No,,,,,,,,,,
2026-02-10,16:46:45,MAGS,63.58,0,0,0,0,0,0,0,none,1.0,0,0,2699596.0,,No,,,,,,,,,,
2026-02-10,16:46:45,IEFA,97.38,0,0,0,0,0,0,0,none,1.0,0,0,14165846.0,,No,,,,,,,,,,
2026-02-10,16:46:45,IEUR,75.56,0,0,0,0,0,0,0,none,1.0,0,0,7211680.0,,No,,,,,,,,,,
2026-02-10,16:46:45,OKE,83.46,0,0,0,0,0,0,0,none,1.0,0,0,3224979.0,,No,,,,,,,,,,
2026-02-10,16:46:45,RIO,97.24,0,0,0,0,0,0,0,none,1.0,0,0,2716157.0,,No,,,,,,,,,,
2026-02-10,16:46:45,MRVL,82.01,0,0,0,0,0,0,0,none,1.0,0,0,10558876.0,,No,,,,,,,,,,
2026-02-10,16:46:45,INDA,53.74,0,0,0,0,0,0,0,none,1.0,0,0,8442328.0,,No,,,,,,,,,,
2026-02-10,16:46:45,SFM,65.56,0,0,0,0,0,0,0,none,1.0,0,0,2983231.0,,No,,,,,,,,,,
2026-02-10,16:46:45,ZM,94.99,0,0,0,0,0,0,0,none,1.0,0,0,3626548.0,,No,,,,,,,,,,
2026-02-10,16:46:45,FEZ,68.18,0,0,0,0,0,0,0,none,1.0,0,0,3141575.0,,No,,,,,,,,,,
2026-02-10,16:46:45,IEF,96.51,0,0,0,0,0,0,0,none,1.0,0,0,9752082.0,,No,,,,,,,,,,
2026-02-10,16:46:45,SSO,59.22,0,0,0,0,0,0,0,none,1.0,0,0,3151837.0,,No,,,,,,,,,,
2026-02-10,16:46:45,TFC,55.1,0,0,0,0,0,0,0,none,1.0,0,0,8195328.0,,No,,,,,,,,,,
2026-02-10,16:46:45,FTNT,85.53,0,0,0,0,0,0,0,none,1.0,0,0,7858601.0,,No,,,,,,,,,,
2026-02-10,16:46:45,PAAS,59.29,0,0,0,0,0,0,0,none,1.0,0,0,6587492.0,,No,,,,,,,,,,
2026-02-10,16:46:45,VCLT,76.57,0,0,0,0,0,0,0,none,1.0,0,0,4563076.0,,No,,,,,,,,,,
2026-02-10,16:46:45,OVV,46.63,0,0,0,0,0,0,0,none,1.0,0,0,3228409.0,,No,,,,,,,,,,
2026-02-10,16:46:45,VZ,47.39,0,0,0,0,0,0,0,none,1.0,0,0,32141440.0,,No,,,,,,,,,,
2026-02-10,16:46:45,SNY,48.63,0,0,0,0,0,0,0,none,1.0,0,0,5555291.0,,No,,,,,,,,,,
2026-02-10,16:46:45,OXY,46.27,0,0,0,0,0,0,0,none,1.0,0,0,8479594.0,,No,,,,,,,,,,
2026-02-10,16:46:45,IHI,58.42,0,0,0,0,0,0,0,none,1.0,0,0,2654972.0,,No,,,,,,,,,,
2026-02-10,16:46:45,FCX,63.26,0,0,0,0,0,0,0,none,1.0,0,0,11641854.0,,No,,,,,,,,,,
2026-02-10,16:46:45,GM,80.27,0,0,0,0,0,0,0,none,1.0,0,0,7415131.0,,No,,,,,,,,,,
2026-02-10,16:46:45,CRCL,59.75,0,0,0,0,0,0,0,none,1.0,0,0,7499902.0,,No,,,,,,,,,,
2026-02-10,16:46:45,UBER,73.5,0,0,0,0,0,0,0,none,1.0,0,0,19094869.0,,No,,,,,,,,,,
2026-02-10,16:46:45,SDS,66.93,0,0,0,0,0,0,0,none,1.0,0,0,2722018.0,,No,,,,,,,,,,
2026-02-10,16:46:45,SPXU,47.88,0,0,0,0,0,0,0,none,1.0,0,0,4924369.0,,No,,,,,,,,,,
2026-02-10,16:46:45,PAVE,55.26,0,0,0,0,0,0,0,none,1.0,0,0,3554246.0,,No,,,,,,,,,,
2026-02-10,16:46:45,CSCO,86.29,0,0,0,0,0,0,0,none,1.0,0,0,32105682.0,,No,,,,,,,,,,
2026-02-10,16:46:45,XLF,53.55,0,0,0,0,0,0,0,none,1.0,0,0,57914966.0,,No,,,,,,,,,,
2026-02-10,16:46:45,BKR,59.15,0,0,0,0,0,0,0,none,1.0,0,0,9007155.0,,No,,,,,,,,,,
2026-02-10,16:46:45,IR,97.8,0,0,0,0,0,0,0,none,1.0,0,0,6858227.0,,No,,,,,,,,,,
2026-02-10,16:46:45,USFD,90.67,0,0,0,0,0,0,0,none,1.0,0,0,2761672.0,,No,,,,,,,,,,
2026-02-10,16:46:45,Z,54.71,0,0,0,0,0,0,0,none,1.0,0,0,5094662.0,,No,,,,,,,,,,
2026-02-10,16:46:45,MP,62.34,0,0,0,0,0,0,0,none,1.0,0,0,4093047.0,,No,,,,,,,,,,
2026-02-10,16:46:45,EUFN,38.17,0,0,0,0,0,0,0,none,1.0,0,0,5039208.0,,No,,,,,,,,,,
2026-02-10,16:46:45,SGOL,47.93,0,0,0,0,0,0,0,none,1.0,0,0,4127015.0,,No,,,,,,,,,,
2026-02-10,16:46:45,EWC,56.72,0,0,0,0,0,0,0,none,1.0,0,0,3400704.0,,No,,,,,,,,,,
2026-02-10,16:46:45,DAL,74.46,0,0,0,0,0,0,0,none,1.0,0,0,6634569.0,,No,,,,,,,,,,
2026-02-10,16:46:45,ENB,51.09,0,0,0,0,0,0,0,none,1.0,0,0,4918416.0,,No,,,,,,,,,,
2026-02-10,16:46:45,TNA,56.21,0,0,0,0,0,0,0,none,1.0,0,0,6787634.0,,No,,,,,,,,,,
2026-02-10,16:46:45,CARR,65.82,0,0,0,0,0,0,0,none,1.0,0,0,6264218.0,,No,,,,,,,,,,
2026-02-10,16:46:45,AAAU,49.65,0,0,0,0,0,0,0,none,1.0,0,0,2840951.0,,No,,,,,,,,,,
2026-02-10,16:46:45,ORLY,93.44,0,0,0,0,0,0,0,none,1.0,0,0,5182138.0,,No,,,,,,,,,,
2026-02-10,16:46:45,IAUM,50.13,0,0,0,0,0,0,0,none,1.0,0,0,5058295.0,,No,,,,,,,,,,
2026-02-10,16:46:45,FOXA,63.37,0,0,0,0,0,0,0,none,1.0,0,0,4259244.0,,No,,,,,,,,,,
2026-02-10,16:46:45,IP,48,0,0,0,0,0,0,0,none,1.0,0,0,7603354.0,,No,,,,,,,,,,
2026-02-10,16:46:45,CTVA,74.22,0,0,0,0,0,0,0,none,1.0,0,0,3294309.0,,No,,,,,,,,,,
2026-02-10,16:46:45,DT,36.8,0,0,0,0,0,0,0,none,1.0,0,0,7705336.0,,No,,,,,,,,,,
2026-02-10,16:46:45,XYZ,57.3,0,0,0,0,0,0,0,none,1.0,0,0,6006523.0,,No,,,,,,,,,,
2026-02-10,16:46:45,SPLV,75.13,0,0,0,0,0,0,0,none,1.0,0,0,3418767.0,,No,,,,,,,,,,
2026-02-10,16:46:45,UBS,43.87,0,0,0,0,0,0,0,none,1.0,0,0,3163833.0,,No,,,,,,,,,,
2026-02-10,16:46:45,OTIS,90.06,0,0,0,0,0,0,0,none,1.0,0,0,3123871.0,,No,,,,,,,,,,
2026-02-10,16:46:45,MNST,80.17,0,0,0,0,0,0,0,none,1.0,0,0,8347171.0,,No,,,,,,,,,,
2026-02-10,16:46:45,NFLX,82.21,0,0,0,0,0,0,0,none,1.0,0,0,43567441.0,,No,,,,,,,,,,
2026-02-10,16:46:45,QLD,69.18,0,0,0,0,0,0,0,none,1.0,0,0,3951323.0,,No,,,,,,,,,,
2026-02-10,16:46:45,AA,61.76,0,0,0,0,0,0,0,none,1.0,0,0,6639083.0,,No,,,,,,,,,,
2026-02-10,16:46:45,GIS,48.66,0,0,0,0,0,0,0,none,1.0,0,0,4909992.0,,No,,,,,,,,,,
2026-02-10,16:46:45,BHP,72.35,0,0,0,0,0,0,0,none,1.0,0,0,2732606.0,,No,,,,,,,,,,
2026-02-10,16:46:45,XLRE,42.84,0,0,0,0,0,0,0,none,1.0,0,0,10547291.0,,No,,,,,,,,,,
2026-02-10,16:46:45,EWT,71.44,0,0,0,0,0,0,0,none,1.0,0,0,3131056.0,,No,,,,,,,,,,
2026-02-10,16:46:45,PAYX,99.03,0,0,0,0,0,0,0,none,1.0,0,0,4655511.0,,No,,,,,,,,,,
2026-02-10,16:46:45,IAU,94.71,0,0,0,0,0,0,0,none,1.0,0,0,10302287.0,,No,,,,,,,,,,
2026-02-10,16:46:45,NKE,63.04,0,0,0,0,0,0,0,none,1.0,0,0,13002702.0,,No,,,,,,,,,,
2026-02-10,16:46:45,AAOI,48.49,0,0,0,0,0,0,0,none,1.0,0,0,4348285.0,,No,,,,,,,,,,
2026-02-10,16:46:45,DOCN,64.08,0,0,0,0,0,0,0,none,1.0,0,0,4434927.0,,No,,,,,,,,,,
2026-02-10,16:46:45,GLDM,99.58,0,0,0,0,0,0,0,none,1.0,0,0,5588555.0,,No,,,,,,,,,,
2026-02-10,16:46:45,ROL,64.97,0,0,0,0,0,0,0,none,1.0,0,0,2827042.0,,No,,,,,,,,,,
2026-02-10,16:46:45,KBWB,89.79,0,0,0,0,0,0,0,none,1.0,0,0,2662645.0,,No,,,,,,,,,,
2026-02-10,16:46:45,SOXL,63.34,0,0,0,0,0,0,0,none,1.0,0,0,58207974.0,,No,,,,,,,,,,
2026-02-10,16:46:45,PSTG,73.64,0,0,0,0,0,0,0,none,1.0,0,0,2717010.0,,No,,,,,,,,,,
2026-02-10,16:46:45,KRE,72.64,0,0,0,0,0,0,0,none,1.0,0,0,21627171.0,,No,,,,,,,,,,
2026-02-10,16:46:45,MGM,37.36,0,0,0,0,0,0,0,none,1.0,0,0,4194616.0,,No,,,,,,,,,,
2026-02-10,16:46:45,TRU,74.14,0,0,0,0,0,0,0,none,1.0,0,0,4261920.0,,No,,,,,,,,,,
2026-02-10,16:46:45,AS,40.2,0,0,0,0,0,0,0,none,1.0,0,0,8215828.0,,No,,,,,,,,,,
2026-02-10,16:46:45,HOOD,85.6,0,0,0,0,0,0,0,none,1.0,0,0,41536223.0,,No,,,,,,,,,,
2026-02-10,16:46:45,TLT,88.53,0,0,0,0,0,0,0,none,1.0,0,0,36979723.0,,No,,,,,,,,,,
2026-02-10,16:46:45,NBIS,91.79,0,0,0,0,0,0,0,none,1.0,0,0,10375241.0,,No,,,,,,,,,,
2026-02-10,16:46:45,EXC,44.64,0,0,0,0,0,0,0,none,1.0,0,0,8678984.0,,No,,,,,,,,,,
2026-02-10,16:46:45,SWKS,62.31,0,0,0,0,0,0,0,none,1.0,0,0,2863431.0,,No,,,,,,,,,,
2026-02-10,16:46:45,LUV,54.07,0,0,0,0,0,0,0,none,1.0,0,0,8464748.0,,No,,,,,,,,,,
2026-02-10,16:46:45,EQT,55.39,0,0,0,0,0,0,0,none,1.0,0,0,6835762.0,,No,,,,,,,,,,
2026-02-10,16:46:45,TQQQ,51.02,0,0,0,0,0,0,0,none,1.0,0,0,69149113.0,,No,,,,,,,,,,
2026-02-10,16:46:45,AMRZ,60.16,0,0,0,0,0,0,0,none,1.0,0,0,4041659.0,,No,,,,,,,,,,
2026-02-10,16:46:45,O,63.9,0,0,0,0,0,0,0,none,1.0,0,0,5548546.0,,No,,,,,,,,,,
2026-02-10,16:46:45,CMS,73.75,0,0,0,0,0,0,0,none,1.0,0,0,2816419.0,,No,,,,,,,,,,
2026-02-10,16:46:45,XLB,52.91,0,0,0,0,0,0,0,none,1.0,0,0,18380149.0,,No,,,,,,,,,,
2026-02-10,16:46:45,IYR,99.32,0,0,0,0,0,0,0,none,1.0,0,0,7639145.0,,No,,,,,,,,,,
2026-02-10,16:46:45,CNP,40.97,0,0,0,0,0,0,0,none,1.0,0,0,5656940.0,,No,,,,,,,,,,
2026-02-10,16:46:45,NVDL,87.8,0,0,0,0,0,0,0,none,1.0,0,0,7358603.0,,No,,,,,,,,,,
2026-02-10,16:46:45,XLU,44.2,0,0,0,0,0,0,0,none,1.0,0,0,34682243.0,,No,,,,,,,,,,
2026-02-10,16:46:45,SYY,87.62,0,0,0,0,0,0,0,none,1.0,0,0,3747836.0,,No,,,,,,,,,,
2026-02-10,16:46:45,VNQ,93.88,0,0,0,0,0,0,0,none,1.0,0,0,4265602.0,,No,,,,,,,,,,
2026-02-10,16:46:45,HSBC,89.49,0,0,0,0,0,0,0,none,1.0,0,0,2743464.0,,No,,,,,,,,,,
2026-02-10,16:46:45,EQR,65.57,0,0,0,0,0,0,0,none,1.0,0,0,6663232.0,,No,,,,,,,,,,
2026-02-10,16:46:45,VTR,83.9,0,0,0,0,0,0,0,none,1.0,0,0,3809005.0,,No,,,,,,,,,,
2026-02-10,16:46:45,XEL,77.5,0,0,0,0,0,0,0,none,1.0,0,0,6651525.0,,No,,,,,,,,,,
2026-02-10,16:46:45,SQQQ,69.38,0,0,0,0,0,0,0,none,1.0,0,0,39855045.0,,No,,,,,,,,,,
2026-02-10,16:46:45,BBY,68.04,0,0,0,0,0,0,0,none,1.0,0,0,4477217.0,,No,,,,,,,,,,
2026-02-10,16:46:45,WMB,68.84,0,0,0,0,0,0,0,none,1.0,0,0,15582603.0,,No,,,,,,,,,,
2026-02-10,16:46:45,SBUX,97.53,0,0,0,0,0,0,0,none,1.0,0,0,8542246.0,,No,,,,,,,,,,
2026-02-10,16:46:45,KO,76.81,0,0,0,0,0,0,0,none,1.0,0,0,28846174.0,,No,,,,,,,,,,
2026-02-10,16:46:45,SO,90.72,0,0,0,0,0,0,0,none,1.0,0,0,5783810.0,,No,,,,,,,,,,
2026-02-10,16:46:45,SSNC,75.28,0,0,0,0,0,0,0,none,1.0,0,0,3213540.0,,No,,,,,,,,,,
2026-02-10,16:46:45,NEE,90.83,0,0,0,0,0,0,0,none,1.0,0,0,7407121.0,,No,,,,,,,,,,
2026-02-10,16:46:45,BRO,67.61,0,0,0,0,0,0,0,none,1.0,0,0,5264610.0,,No,,,,,,,,,,
2026-02-10,16:46:45,BTI,60.19,0,0,0,0,0,0,0,none,1.0,0,0,4360437.0,,No,,,,,,,,,,
2026-02-10,16:46:45,IBKR,77.2,0,0,0,0,0,0,0,none,1.0,0,0,5560474.0,,No,,,,,,,,,,
2026-02-10,16:46:45,FE,47.66,0,0,0,0,0,0,0,none,1.0,0,0,5775373.0,,No,,,,,,,,,,
2026-02-10,16:46:45,ETR,99.71,0,0,0,0,0,0,0,none,1.0,0,0,2902908.0,,No,,,,,,,,,,
2026-02-10,16:46:45,ELF,73.26,0,0,0,0,0,0,0,none,1.0,0,0,2908667.0,,No,,,,,,,,,,
2026-02-10,16:46:45,BN,47.73,0,0,0,0,0,0,0,none,1.0,0,0,7110691.0,,No,,,,,,,,,,
2026-02-10,16:46:45,MKC,68.96,0,0,0,0,0,0,0,none,1.0,0,0,4761030.0,,No,,,,,,,,,,
2026-02-10,16:46:45,AMKR,53.46,0,0,0,0,0,0,0,none,1.0,0,0,8307707.0,,No,,,,,,,,,,
2026-02-10,16:46:45,BAC,55.39,0,0,0,0,0,0,0,none,1.0,0,0,48301438.0,,No,,,,,,,,,,
2026-02-10,16:46:45,ALK,59.14,0,0,0,0,0,0,0,none,1.0,0,0,3815990.0,,No,,,,,,,,,,
2026-02-10,16:46:45,CRWV,95.11,0,0,0,0,0,0,0,none,1.0,0,0,14079834.0,,No,,,,,,,,,,
2026-02-10,16:46:45,TRI,90.86,0,0,0,0,0,0,0,none,1.0,0,0,5892980.0,,No,,,,,,,,,,
2026-02-10,16:46:45,CCI,84.54,0,0,0,0,0,0,0,none,1.0,0,0,3761416.0,,No,,,,,,,,,,
2026-02-10,16:46:45,ETSY,54.08,0,0,0,0,0,0,0,none,1.0,0,0,3733435.0,,No,,,,,,,,,,
2026-02-10,16:46:45,XRT,87.47,0,0,0,0,0,0,0,none,1.0,0,0,5194327.0,,No,,,,,,,,,,
2026-02-10,16:46:45,TCOM,57.5,0,0,0,0,0,0,0,none,1.0,0,0,4980190.0,,No,,,,,,,,,,
2026-02-10,16:46:45,TEAM,92.9,0,0,0,0,0,0,0,none,1.0,0,0,6276257.0,,No,,,,,,,,,,
2026-02-10,16:46:45,ZBH,91.4,0,0,0,0,0,0,0,none,1.0,0,0,4149578.0,,No,,,,,,,,,,
2026-02-10,16:46:45,ADM,68.62,0,0,0,0,0,0,0,none,1.0,0,0,3194608.0,,No,,,,,,,,,,
2026-02-10,16:46:45,CNM,57.83,0,0,0,0,0,0,0,none,1.0,0,0,2839174.0,,No,,,,,,,,,,
2026-02-10,16:46:45,UGL,72.8,0,0,0,0,0,0,0,none,1.0,0,0,3337580.0,,No,,,,,,,,,,
2026-02-10,17:04:13,RIVN,14.96,155,0,0,0,0,0,10,near,1.405309990830557,0,0,37696372.0,,No,,,,,,,,,,
2026-02-10,17:04:13,LYFT,16.85,130,0,0,0,0,0,10,near,2.067476391890716,0,0,35045517.0,,No,,,,,,,,,,
2026-02-10,17:04:13,VZLA,4.1,120,0,0,0,0,0,5,partial,2.625683249725621,0,0,36976706.0,,No,,,,,,,,,,
2026-02-10,17:04:13,KHC,24.9,120,0,0,0,0,0,15,perfect,1.5777441248050714,0,0,22416035.0,,No,,,,,,,,,,
2026-02-10,17:04:13,CVS,75.7,120,0,0,0,0,0,10,near,1.4197577061501274,0,0,13120113.0,,No,,,,,,,,,,
2026-02-10,17:04:13,F,13.57,110,0,0,0,0,0,0,none,1.2221866578016536,0,0,80749218.0,,No,,,,,,,,,,
2026-02-10,17:04:13,BTG,5.62,110,0,0,0,0,0,0,none,0.9985001807604921,0,0,47560190.0,,No,,,,,,,,,,
2026-02-10,17:04:13,OSCR,12.88,110,0,0,0,0,0,5,partial,2.898828256577332,0,0,26530870.0,,No,,,,,,,,,,
2026-02-10,17:04:13,CVE,21.22,105,0,0,0,0,0,10,near,1.381608947702229,0,0,18703626.0,,No,,,,,,,,,,
2026-02-10,17:04:13,THS,24.43,100,0,0,0,0,0,5,partial,24.981484476241608,0,0,28964345.0,,No,,,,,,,,,,
2026-02-10,17:04:13,COMP,12.76,100,0,0,0,0,0,15,perfect,1.5008132042264706,0,0,25432672.0,,No,,,,,,,,,,
2026-02-10,17:04:13,IEMG,74.37,95,0,0,0,0,0,0,none,0.8235402341722614,0,0,17263312.0,,No,,,,,,,,,,
2026-02-10,17:04:13,ASAN,8.22,95,0,0,0,0,0,10,near,2.1051251239921296,0,0,12504572.0,,No,,,,,,,,,,
2026-02-10,17:04:13,KVUE,18.32,85,0,0,0,0,0,10,near,1.39529626349851,0,0,99749565.0,,No,,,,,,,,,,
2026-02-10,17:04:13,CIFR,17.1,85,0,0,0,0,0,0,none,1.0619746389837459,0,0,40476069.0,,No,,,,,,,,,,
2026-02-10,17:04:13,TSLS,5.33,80,0,0,0,0,0,0,none,0.9443079565570561,0,0,69599533.0,,No,,,,,,,,,,
2026-02-10,17:04:13,KO,76.81,65,0,0,0,0,0,0,none,1.2499527811419906,0,0,28847289.0,,No,,,,,,,,,,
2026-02-10,17:04:13,AGNC,11.22,65,0,0,0,0,0,0,none,1.1607690400920891,0,0,21877952.0,,No,,,,,,,,,,
2026-02-10,17:04:13,LYG,5.79,60,0,0,0,0,0,5,partial,2.5319395230169306,0,0,34913872.0,,No,,,,,,,,,,
2026-02-10,17:08:45,RIVN,14.96,155,0,0,0,0,0,10,near,1.405309990830557,0,0,37696372.0,,No,,,,,,,,,,
2026-02-10,17:08:45,LYFT,16.85,130,0,0,0,0,0,10,near,2.067476391890716,0,0,35045517.0,,No,,,,,,,,,,
2026-02-10,17:08:45,VZLA,4.1,120,0,0,0,0,0,5,partial,2.625683249725621,0,0,36976706.0,,No,,,,,,,,,,
2026-02-10,17:08:45,KHC,24.9,120,0,0,0,0,0,15,perfect,1.5777441248050714,0,0,22416035.0,,No,,,,,,,,,,
2026-02-10,17:08:45,CVS,75.7,120,0,0,0,0,0,10,near,1.4197577061501274,0,0,13120113.0,,No,,,,,,,,,,
2026-02-10,17:08:45,KVUE,18.32,110,0,0,0,0,0,10,near,1.39529626349851,0,0,99749565.0,,No,,,,,,,,,,
2026-02-10,17:08:45,F,13.57,110,0,0,0,0,0,0,none,1.2221866578016536,0,0,80749218.0,,No,,,,,,,,,,
2026-02-10,17:08:45,BTG,5.62,110,0,0,0,0,0,0,none,0.9985001807604921,0,0,47560190.0,,No,,,,,,,,,,
2026-02-10,17:08:45,OSCR,12.88,110,0,0,0,0,0,5,partial,2.898828256577332,0,0,26530870.0,,No,,,,,,,,,,
2026-02-10,17:08:45,CVE,21.22,105,0,0,0,0,0,10,near,1.381608947702229,0,0,18703626.0,,No,,,,,,,,,,
2026-02-10,17:08:45,THS,24.43,100,0,0,0,0,0,5,partial,24.981484476241608,0,0,28964345.0,,No,,,,,,,,,,
2026-02-10,17:08:45,COMP,12.76,100,0,0,0,0,0,15,perfect,1.5008132042264706,0,0,25432672.0,,No,,,,,,,,,,
2026-02-10,17:08:45,IEMG,74.37,95,0,0,0,0,0,0,none,0.8235402341722614,0,0,17263312.0,,No,,,,,,,,,,
2026-02-10,17:08:45,ASAN,8.22,95,0,0,0,0,0,10,near,2.1051251239921296,0,0,12504572.0,,No,,,,,,,,,,
2026-02-10,17:08:45,CIFR,17.1,85,0,0,0,0,0,0,none,1.0619746389837459,0,0,40476069.0,,No,,,,,,,,,,
2026-02-10,17:08:45,TSLS,5.33,80,0,0,0,0,0,0,none,0.9443079565570561,0,0,69599533.0,,No,,,,,,,,,,
2026-02-10,17:08:45,KO,76.81,65,0,0,0,0,0,0,none,1.2499527811419906,0,0,28847289.0,,No,,,,,,,,,,
2026-02-10,17:08:45,AGNC,11.22,65,0,0,0,0,0,0,none,1.1607690400920891,0,0,21877952.0,,No,,,,,,,,,,
2026-02-10,17:08:45,LYG,5.79,60,0,0,0,0,0,5,partial,2.5319395230169306,0,0,34913872.0,,No,,,,,,,,,,
2026-02-10,17:10:11,RIVN,14.96,155,0,0,0,0,0,10,near,1.405309990830557,0,0,37696372.0,,No,,,,,,,,,,
2026-02-10,17:10:11,LYFT,16.85,130,0,0,0,0,0,10,near,2.067476391890716,0,0,35045517.0,,No,,,,,,,,,,
2026-02-10,17:10:11,VZLA,4.1,120,0,0,0,0,0,5,partial,2.625683249725621,0,0,36976706.0,,No,,,,,,,,,,
2026-02-10,17:10:11,KHC,24.9,120,0,0,0,0,0,15,perfect,1.5777441248050714,0,0,22416035.0,,No,,,,,,,,,,
2026-02-10,17:10:11,CVS,75.7,120,0,0,0,0,0,10,near,1.4197577061501274,0,0,13120113.0,,No,,,,,,,,,,
2026-02-10,17:10:11,KVUE,18.32,110,0,0,0,0,0,10,near,1.39529626349851,0,0,99749565.0,,No,,,,,,,,,,
2026-02-10,17:10:11,F,13.57,110,0,0,0,0,0,0,none,1.2221866578016536,0,0,80749218.0,,No,,,,,,,,,,
2026-02-10,17:10:11,BTG,5.62,110,0,0,0,0,0,0,none,0.9985001807604921,0,0,47560190.0,,No,,,,,,,,,,
2026-02-10,17:10:11,OSCR,12.88,110,0,0,0,0,0,5,partial,2.898828256577332,0,0,26530870.0,,No,,,,,,,,,,
2026-02-10,17:10:11,CVE,21.22,105,0,0,0,0,0,10,near,1.381608947702229,0,0,18703626.0,,No,,,,,,,,,,
2026-02-10,17:10:11,THS,24.43,100,0,0,0,0,0,5,partial,24.981484476241608,0,0,28964345.0,,No,,,,,,,,,,
2026-02-10,17:10:11,COMP,12.76,100,0,0,0,0,0,15,perfect,1.5008132042264706,0,0,25432672.0,,No,,,,,,,,,,
2026-02-10,17:10:11,IEMG,74.37,95,0,0,0,0,0,0,none,0.8235402341722614,0,0,17263312.0,,No,,,,,,,,,,
2026-02-10,17:10:11,ASAN,8.22,95,0,0,0,0,0,10,near,2.1051251239921296,0,0,12504572.0,,No,,,,,,,,,,
2026-02-10,17:10:11,CIFR,17.1,85,0,0,0,0,0,0,none,1.0619746389837459,0,0,40476069.0,,No,,,,,,,,,,
2026-02-10,17:10:11,TSLS,5.33,80,0,0,0,0,0,0,none,0.9443079565570561,0,0,69599533.0,,No,,,,,,,,,,
2026-02-10,17:10:11,KO,76.81,65,0,0,0,0,0,0,none,1.2499527811419906,0,0,28847289.0,,No,,,,,,,,,,
2026-02-10,17:10:11,AGNC,11.22,65,0,0,0,0,0,0,none,1.1607690400920891,0,0,21877952.0,,No,,,,,,,,,,
2026-02-10,17:10:11,LYG,5.79,60,0,0,0,0,0,5,partial,2.5319395230169306,0,0,34913872.0,,No,,,,,,,,,,
2026-02-11,12:01:28,F,13.675,130,0,0,0,0,0,10,near,1.4064046635133562,0,0,95885517.0,,No,,,,,,,,,,
2026-02-11,12:01:28,KHC,24.92,130,0,0,0,0,0,15,perfect,1.6124324912891783,0,0,24800149.0,,No,,,,,,,,,,
2026-02-11,12:01:28,RWM,15.255,130,0,0,0,0,0,0,none,0.8960170670059877,0,0,22779521.0,,No,,,,,,,,,,
2026-02-11,12:01:28,ELAB,1.665,105,0,0,0,0,0,5,partial,15.066155203324005,0,0,29255811.0,,No,,,,,,,,,,
2026-02-11,12:01:28,TZA,5.975,100,0,0,0,0,0,0,none,0.9970251815960068,0,0,98825902.0,,No,,,,,,,,,,
2026-02-11,12:01:28,SPDN,9.34,100,0,0,0,0,0,0,none,0.8839734711518658,0,0,34051731.0,,No,,,,,,,,,,
2026-02-11,12:01:28,VZ,48.475,95,0,0,0,0,0,0,none,0.7639140674435536,0,0,33851830.0,,No,,,,,,,,,,
2026-02-11,12:01:28,T,28.175,95,0,0,0,0,0,0,none,0.7923860459947206,0,0,37376144.0,,No,,,,,,,,,,
2026-02-11,12:01:28,USHY,37.4858,95,0,0,0,0,0,0,none,1.1175828293104788,0,0,12482699.0,,No,,,,,,,,,,
2026-02-12,09:21:06,PAAA,51.39,110,0,0,0,0,0,5,partial,4.058031387408377,0,0,6694333.0,,Yes,2026-02-12,51.395,"Scanner V3.1 top pick: 110pts, perfect 0% entry (pre-breakout), inverted momentum detected quiet accumulation, hot sector rotation",,,,,,,
2026-02-12,09:21:06,IAUX,2.005,70,0,0,0,0,0,5,partial,2.0552298259976776,0,0,18138800.0,,No,,,,,,,,,,
2026-02-12,09:21:06,NBIS,87.24,65,0,0,0,0,0,10,near,1.3173278685417673,0,0,17802724.0,,No,,,,,,,,,,
2026-02-17,12:08:48,TSLG,7.56,100,0,0,0,0,0,0,none,1.2468235558856882,0,0,42413256.0,,No,,,,,,,,,,
2026-02-17,14:01:24,RWM,15.38,140,0,0,0,0,0,0,none,1.2081606464798935,0,0,29116183.0,,No,,,,,,,,,,
2026-02-17,14:01:24,SPDN,9.5,130,0,0,0,0,0,10,near,1.4900806865583616,0,0,53673522.0,,No,,,,,,,,,,
2026-02-17,14:01:24,SCHD,31.42,125,0,0,0,0,0,10,near,1.3381279438002271,0,0,32629196.0,,No,,,,,,,,,,
2026-02-17,14:01:24,QYLD,17.53,115,0,0,0,0,0,10,near,1.4785892910788536,0,0,15981115.0,,No,,,,,,,,,,
2026-02-17,14:01:24,VGLT,57.29,110,0,0,0,0,0,5,partial,7.939298459115524,0,0,16954275.0,,No,,,,,,,,,,
2026-02-17,14:01:24,SCHX,26.93,105,0,0,0,0,0,0,none,1.2817530531462287,0,0,27650598.0,,No,,,,,,,,,,
2026-02-17,14:01:24,TSLG,7.52,105,0,0,0,0,0,5,partial,1.5123838760914918,0,0,51446834.0,,No,,,,,,,,,,
2026-02-17,14:01:24,VXUS,82.23,105,0,0,0,0,0,0,none,1.2699178532519029,0,0,13978492.0,,No,,,,,,,,,,
2026-02-18,12:18:25,DVN,44.235,120,0,0,0,0,0,0,none,1.188942587849162,0,0,10239299.0,,No,,,,,,,,,,
2026-02-18,12:18:25,BYND,0.704,95,0,0,0,0,0,0,none,0.6846800512841761,0,0,15976080.0,,No,,,,,,,,,,
2026-02-18,12:18:25,RXRX,3.395,65,0,0,0,0,0,5,partial,1.833343293919125,0,0,31126555.0,,No,,,,,,,,,,
